{
    "Objects": [
        {
            "name": "Land_Misc_Well_Pump_Blue",
            "pos": [
				5774.2,
				318.5,
				8668.1
            ],
            "ypr": [
          	 	0.0,
                -0.0,
                -0.0
            ],
            "scale": 0.2576625442504883
        },
        {
            "name": "Land_Misc_Well_Pump_Blue",
            "pos": [
				5283.9,
				306.4,
				10551.2
            ],
            "ypr": [
          	 	0.0,
                -0.0,
                -0.0
            ],
            "scale": 0.9976625442504883
        }     
    ]
}